subject,object
S0,O0
S0,O1
S0,O10
S0,O100
S0,O1003
S0,O1004
S0,O1005
S0,O1007
S0,O1009
S0,O101
S0,O1010
S0,O1011
S0,O1013
S0,O1014
S0,O1015
S0,O1016
S0,O1019
S0,O102
S0,O1021
S0,O1023
S0,O1024
S0,O1025
S0,O1026
S0,O1027
S0,O1028
S0,O1029
S0,O1032
S0,O1034
S0,O1035
S0,O1036
S0,O1037
S0,O1038
S0,O1039
S0,O104
S0,O1040
S0,O1042
S0,O1044
S0,O1046
S0,O1047
S0,O1048
S0,O1049
S0,O105
S0,O1050
S0,O1052
S0,O1054
S0,O1055
S0,O1056
S0,O1057
S0,O1058
S0,O1059
S0,O106
S0,O1060
S0,O1061
S0,O1063
S0,O1064
S0,O1065
S0,O1068
S0,O107
S0,O1070
S0,O1071
S0,O1073
S0,O1074
S0,O1077
S0,O1078
S0,O1079
S0,O108
S0,O1080
S0,O1081
S0,O1083
S0,O1084
S0,O109
S0,O1094
S0,O1097
S0,O1099
S0,O11
S0,O1100
S0,O1102
S0,O1103
S0,O1104
S0,O1105
S0,O1106
S0,O1107
S0,O1108
S0,O1109
S0,O1111
S0,O1112
S0,O1114
S0,O1115
S0,O1116
S0,O112
S0,O1120
S0,O1122
S0,O1123
S0,O1124
S0,O1125
S0,O1127
S0,O1129
S0,O113
S0,O1132
S0,O1134
S0,O1136
S0,O114
S0,O1141
S0,O1142
S0,O1143
S0,O1145
S0,O1146
S0,O1147
S0,O1148
S0,O1151
S0,O1152
S0,O1154
S0,O1157
S0,O1158
S0,O1159
S0,O1160
S0,O1161
S0,O1162
S0,O1163
S0,O1164
S0,O1166
S0,O1167
S0,O1168
S0,O1169
S0,O117
S0,O1173
S0,O1175
S0,O1176
S0,O1179
S0,O118
S0,O1180
S0,O1181
S0,O1183
S0,O1184
S0,O1185
S0,O1186
S0,O1187
S0,O1188
S0,O1189
S0,O119
S0,O1190
S0,O1194
S0,O1195
S0,O1196
S0,O1197
S0,O1199
S0,O12
S0,O120
S0,O1200
S0,O1201
S0,O1202
S0,O1203
S0,O1204
S0,O1205
S0,O1206
S0,O1207
S0,O121
S0,O1213
S0,O1215
S0,O1216
S0,O1218
S0,O1219
S0,O122
S0,O1220
S0,O1221
S0,O1223
S0,O1225
S0,O1226
S0,O1227
S0,O1229
S0,O123
S0,O1230
S0,O1231
S0,O1233
S0,O1234
S0,O1235
S0,O1237
S0,O1238
S0,O1239
S0,O124
S0,O1240
S0,O1241
S0,O1242
S0,O1243
S0,O1244
S0,O1245
S0,O1247
S0,O1248
S0,O1252
S0,O1253
S0,O1254
S0,O1256
S0,O1257
S0,O1258
S0,O1259
S0,O126
S0,O1260
S0,O1261
S0,O1262
S0,O1264
S0,O1265
S0,O1267
S0,O1268
S0,O1269
S0,O127
S0,O1270
S0,O1273
S0,O1274
S0,O1275
S0,O1276
S0,O1277
S0,O128
S0,O1280
S0,O1281
S0,O1282
S0,O1283
S0,O1284
S0,O1285
S0,O1287
S0,O1288
S0,O1289
S0,O1290
S0,O1291
S0,O1293
S0,O1294
S0,O13
S0,O1301
S0,O1302
S0,O1306
S0,O1308
S0,O131
S0,O1310
S0,O1311
S0,O1314
S0,O1315
S0,O1316
S0,O1317
S0,O1318
S0,O1319
S0,O132
S0,O1320
S0,O1321
S0,O1323
S0,O1324
S0,O1325
S0,O1326
S0,O1327
S0,O1328
S0,O1329
S0,O133
S0,O1330
S0,O1331
S0,O1334
S0,O1336
S0,O1337
S0,O1338
S0,O1339
S0,O134
S0,O1340
S0,O1342
S0,O1345
S0,O1348
S0,O135
S0,O1351
S0,O1352
S0,O1353
S0,O1356
S0,O1357
S0,O1358
S0,O1359
S0,O136
S0,O1360
S0,O1361
S0,O1362
S0,O1364
S0,O1366
S0,O1369
S0,O1372
S0,O1374
S0,O1376
S0,O1377
S0,O1378
S0,O138
S0,O1380
S0,O1381
S0,O1382
S0,O1384
S0,O1385
S0,O1386
S0,O1388
S0,O1389
S0,O1390
S0,O1391
S0,O1392
S0,O1393
S0,O1394
S0,O1396
S0,O1397
S0,O1398
S0,O1399
S0,O14
S0,O1400
S0,O1402
S0,O1403
S0,O1404
S0,O1406
S0,O1408
S0,O141
S0,O1411
S0,O1412
S0,O1413
S0,O1415
S0,O1416
S0,O1417
S0,O1419
S0,O142
S0,O1420
S0,O1421
S0,O1422
S0,O1423
S0,O1424
S0,O1427
S0,O1429
S0,O1430
S0,O1431
S0,O1433
S0,O1434
S0,O1435
S0,O1436
S0,O1437
S0,O1439
S0,O144
S0,O1440
S0,O1442
S0,O1443
S0,O1444
S0,O1445
S0,O1447
S0,O1450
S0,O1451
S0,O1452
S0,O1454
S0,O1455
S0,O1458
S0,O1459
S0,O1460
S0,O1461
S0,O1464
S0,O1466
S0,O1467
S0,O1468
S0,O1469
S0,O147
S0,O1470
S0,O1471
S0,O1472
S0,O1473
S0,O1474
S0,O1476
S0,O1477
S0,O1478
S0,O1479
S0,O1480
S0,O1481
S0,O1483
S0,O1484
S0,O1485
S0,O1487
S0,O1489
S0,O149
S0,O1492
S0,O1493
S0,O1494
S0,O1496
S0,O1497
S0,O15
S0,O150
S0,O1500
S0,O1503
S0,O1504
S0,O1505
S0,O1506
S0,O1507
S0,O1509
S0,O1510
S0,O1511
S0,O1513
S0,O1514
S0,O1516
S0,O1517
S0,O1518
S0,O1519
S0,O1520
S0,O1521
S0,O1523
S0,O1525
S0,O1526
S0,O1528
S0,O1529
S0,O153
S0,O1531
S0,O1533
S0,O1535
S0,O1536
S0,O1538
S0,O1540
S0,O1541
S0,O1543
S0,O1544
S0,O1545
S0,O1546
S0,O1547
S0,O1548
S0,O1551
S0,O1553
S0,O1554
S0,O1558
S0,O1559
S0,O1560
S0,O1561
S0,O1562
S0,O1564
S0,O1565
S0,O1566
S0,O1567
S0,O1568
S0,O1570
S0,O1571
S0,O1572
S0,O1573
S0,O1574
S0,O1575
S0,O1576
S0,O1578
S0,O1579
S0,O158
S0,O1580
S0,O1584
S0,O1585
S0,O1587
S0,O1588
S0,O1589
S0,O1590
S0,O1591
S0,O1593
S0,O1596
S0,O1598
S0,O16
S0,O160
S0,O1600
S0,O1602
S0,O1603
S0,O1604
S0,O1606
S0,O1608
S0,O161
S0,O1610
S0,O1611
S0,O1613
S0,O1614
S0,O1616
S0,O1617
S0,O1618
S0,O1620
S0,O1621
S0,O1622
S0,O1625
S0,O1627
S0,O1628
S0,O163
S0,O1631
S0,O1633
S0,O1634
S0,O1635
S0,O1636
S0,O1637
S0,O164
S0,O1640
S0,O1641
S0,O1642
S0,O1643
S0,O1644
S0,O1645
S0,O1646
S0,O1647
S0,O1648
S0,O1649
S0,O165
S0,O1650
S0,O1651
S0,O1653
S0,O1654
S0,O1655
S0,O1656
S0,O1657
S0,O1658
S0,O1659
S0,O166
S0,O1661
S0,O1662
S0,O1663
S0,O1664
S0,O1665
S0,O1667
S0,O1669
S0,O167
S0,O1670
S0,O1671
S0,O1672
S0,O1673
S0,O1674
S0,O1676
S0,O1677
S0,O1678
S0,O1679
S0,O168
S0,O1682
S0,O1683
S0,O1684
S0,O1685
S0,O1686
S0,O1688
S0,O1689
S0,O1691
S0,O1692
S0,O1693
S0,O1694
S0,O1695
S0,O1696
S0,O1697
S0,O1698
S0,O17
S0,O170
S0,O1700
S0,O1701
S0,O1702
S0,O1703
S0,O1704
S0,O1705
S0,O1706
S0,O1708
S0,O171
S0,O1710
S0,O1711
S0,O1712
S0,O1715
S0,O1716
S0,O1718
S0,O1719
S0,O172
S0,O1720
S0,O1722
S0,O1723
S0,O1728
S0,O1729
S0,O1730
S0,O1731
S0,O1732
S0,O1733
S0,O1735
S0,O1736
S0,O1737
S0,O1738
S0,O174
S0,O1740
S0,O1741
S0,O1743
S0,O1744
S0,O1745
S0,O1746
S0,O1747
S0,O1749
S0,O175
S0,O1751
S0,O1752
S0,O1753
S0,O1755
S0,O1756
S0,O1757
S0,O1758
S0,O1759
S0,O1760
S0,O1762
S0,O1763
S0,O1765
S0,O1766
S0,O1767
S0,O1768
S0,O177
S0,O1770
S0,O1771
S0,O1772
S0,O1773
S0,O1775
S0,O1776
S0,O1778
S0,O178
S0,O1780
S0,O1781
S0,O1783
S0,O1785
S0,O1786
S0,O1787
S0,O1788
S0,O1789
S0,O1790
S0,O1791
S0,O1792
S0,O1794
S0,O1795
S0,O1796
S0,O1798
S0,O1799
S0,O18
S0,O180
S0,O1801
S0,O1803
S0,O1804
S0,O1805
S0,O1806
S0,O1808
S0,O1809
S0,O181
S0,O1810
S0,O1811
S0,O1812
S0,O1813
S0,O1815
S0,O1816
S0,O1818
S0,O1819
S0,O182
S0,O1820
S0,O1822
S0,O1823
S0,O183
S0,O184
S0,O185
S0,O186
S0,O187
S0,O189
S0,O19
S0,O191
S0,O194
S0,O196
S0,O197
S0,O198
S0,O199
S0,O2
S0,O20
S0,O200
S0,O201
S0,O204
S0,O205
S0,O206
S0,O207
S0,O208
S0,O21
S0,O210
S0,O211
S0,O212
S0,O213
S0,O215
S0,O216
S0,O217
S0,O218
S0,O22
S0,O221
S0,O223
S0,O224
S0,O225
S0,O226
S0,O227
S0,O23
S0,O231
S0,O232
S0,O234
S0,O235
S0,O237
S0,O24
S0,O240
S0,O243
S0,O245
S0,O246
S0,O247
S0,O249
S0,O25
S0,O250
S0,O251
S0,O253
S0,O254
S0,O255
S0,O258
S0,O26
S0,O260
S0,O262
S0,O263
S0,O265
S0,O266
S0,O267
S0,O269
S0,O27
S0,O270
S0,O271
S0,O272
S0,O274
S0,O275
S0,O276
S0,O277
S0,O278
S0,O279
S0,O28
S0,O280
S0,O283
S0,O285
S0,O286
S0,O287
S0,O288
S0,O29
S0,O292
S0,O293
S0,O294
S0,O295
S0,O296
S0,O297
S0,O298
S0,O3
S0,O30
S0,O300
S0,O301
S0,O302
S0,O305
S0,O306
S0,O307
S0,O308
S0,O31
S0,O310
S0,O311
S0,O312
S0,O313
S0,O316
S0,O319
S0,O32
S0,O323
S0,O325
S0,O326
S0,O328
S0,O329
S0,O33
S0,O330
S0,O331
S0,O332
S0,O333
S0,O334
S0,O336
S0,O338
S0,O339
S0,O34
S0,O340
S0,O343
S0,O344
S0,O346
S0,O347
S0,O348
S0,O349
S0,O35
S0,O350
S0,O352
S0,O353
S0,O354
S0,O355
S0,O356
S0,O358
S0,O359
S0,O36
S0,O360
S0,O361
S0,O362
S0,O363
S0,O364
S0,O365
S0,O366
S0,O367
S0,O369
S0,O37
S0,O370
S0,O371
S0,O372
S0,O375
S0,O378
S0,O379
S0,O38
S0,O381
S0,O385
S0,O386
S0,O387
S0,O388
S0,O389
S0,O39
S0,O391
S0,O392
S0,O394
S0,O397
S0,O398
S0,O4
S0,O40
S0,O400
S0,O401
S0,O402
S0,O403
S0,O404
S0,O405
S0,O407
S0,O409
S0,O412
S0,O413
S0,O415
S0,O416
S0,O417
S0,O418
S0,O419
S0,O42
S0,O420
S0,O422
S0,O425
S0,O426
S0,O427
S0,O429
S0,O43
S0,O430
S0,O431
S0,O433
S0,O437
S0,O438
S0,O439
S0,O44
S0,O440
S0,O443
S0,O444
S0,O445
S0,O446
S0,O447
S0,O448
S0,O450
S0,O451
S0,O453
S0,O455
S0,O456
S0,O457
S0,O459
S0,O46
S0,O460
S0,O461
S0,O462
S0,O463
S0,O464
S0,O465
S0,O466
S0,O47
S0,O471
S0,O477
S0,O478
S0,O480
S0,O482
S0,O484
S0,O485
S0,O487
S0,O488
S0,O489
S0,O49
S0,O490
S0,O491
S0,O492
S0,O494
S0,O495
S0,O496
S0,O498
S0,O5
S0,O50
S0,O500
S0,O504
S0,O505
S0,O506
S0,O509
S0,O510
S0,O511
S0,O512
S0,O513
S0,O516
S0,O518
S0,O519
S0,O52
S0,O522
S0,O524
S0,O527
S0,O528
S0,O529
S0,O530
S0,O531
S0,O532
S0,O533
S0,O535
S0,O537
S0,O539
S0,O54
S0,O540
S0,O541
S0,O542
S0,O543
S0,O544
S0,O545
S0,O546
S0,O547
S0,O548
S0,O549
S0,O55
S0,O550
S0,O553
S0,O556
S0,O557
S0,O56
S0,O561
S0,O562
S0,O563
S0,O564
S0,O565
S0,O566
S0,O567
S0,O568
S0,O569
S0,O57
S0,O570
S0,O571
S0,O572
S0,O573
S0,O574
S0,O575
S0,O576
S0,O577
S0,O578
S0,O579
S0,O58
S0,O582
S0,O584
S0,O586
S0,O588
S0,O589
S0,O59
S0,O592
S0,O594
S0,O595
S0,O596
S0,O599
S0,O6
S0,O60
S0,O600
S0,O602
S0,O603
S0,O604
S0,O605
S0,O606
S0,O607
S0,O608
S0,O610
S0,O611
S0,O612
S0,O613
S0,O615
S0,O618
S0,O62
S0,O621
S0,O623
S0,O626
S0,O627
S0,O629
S0,O632
S0,O633
S0,O634
S0,O635
S0,O636
S0,O639
S0,O640
S0,O641
S0,O642
S0,O643
S0,O645
S0,O646
S0,O648
S0,O649
S0,O65
S0,O650
S0,O651
S0,O652
S0,O653
S0,O655
S0,O656
S0,O657
S0,O658
S0,O659
S0,O66
S0,O660
S0,O662
S0,O663
S0,O664
S0,O665
S0,O667
S0,O669
S0,O67
S0,O670
S0,O675
S0,O676
S0,O677
S0,O679
S0,O68
S0,O680
S0,O682
S0,O683
S0,O684
S0,O686
S0,O687
S0,O688
S0,O689
S0,O69
S0,O691
S0,O693
S0,O694
S0,O695
S0,O696
S0,O699
S0,O7
S0,O70
S0,O700
S0,O702
S0,O703
S0,O704
S0,O706
S0,O707
S0,O709
S0,O71
S0,O710
S0,O712
S0,O715
S0,O717
S0,O721
S0,O722
S0,O724
S0,O725
S0,O726
S0,O727
S0,O728
S0,O73
S0,O730
S0,O731
S0,O732
S0,O733
S0,O734
S0,O736
S0,O737
S0,O738
S0,O74
S0,O741
S0,O742
S0,O743
S0,O745
S0,O747
S0,O749
S0,O750
S0,O751
S0,O752
S0,O753
S0,O755
S0,O756
S0,O757
S0,O758
S0,O76
S0,O761
S0,O762
S0,O765
S0,O766
S0,O767
S0,O769
S0,O770
S0,O771
S0,O773
S0,O774
S0,O775
S0,O779
S0,O78
S0,O780
S0,O781
S0,O784
S0,O786
S0,O787
S0,O789
S0,O79
S0,O791
S0,O792
S0,O794
S0,O795
S0,O796
S0,O798
S0,O799
S0,O8
S0,O80
S0,O800
S0,O801
S0,O802
S0,O803
S0,O804
S0,O805
S0,O808
S0,O809
S0,O81
S0,O810
S0,O811
S0,O813
S0,O814
S0,O815
S0,O816
S0,O818
S0,O82
S0,O820
S0,O821
S0,O822
S0,O825
S0,O826
S0,O828
S0,O829
S0,O83
S0,O831
S0,O833
S0,O834
S0,O835
S0,O837
S0,O838
S0,O839
S0,O84
S0,O841
S0,O842
S0,O845
S0,O846
S0,O847
S0,O848
S0,O849
S0,O85
S0,O851
S0,O852
S0,O853
S0,O854
S0,O855
S0,O856
S0,O858
S0,O86
S0,O860
S0,O862
S0,O863
S0,O865
S0,O866
S0,O871
S0,O873
S0,O875
S0,O876
S0,O879
S0,O88
S0,O882
S0,O883
S0,O888
S0,O889
S0,O890
S0,O891
S0,O893
S0,O894
S0,O895
S0,O896
S0,O898
S0,O899
S0,O9
S0,O90
S0,O900
S0,O901
S0,O902
S0,O903
S0,O904
S0,O906
S0,O908
S0,O909
S0,O910
S0,O911
S0,O912
S0,O913
S0,O914
S0,O917
S0,O920
S0,O921
S0,O922
S0,O923
S0,O924
S0,O925
S0,O927
S0,O93
S0,O930
S0,O931
S0,O932
S0,O933
S0,O935
S0,O937
S0,O939
S0,O94
S0,O943
S0,O944
S0,O945
S0,O946
S0,O948
S0,O949
S0,O95
S0,O950
S0,O951
S0,O952
S0,O953
S0,O954
S0,O957
S0,O958
S0,O959
S0,O96
S0,O961
S0,O962
S0,O963
S0,O964
S0,O965
S0,O967
S0,O968
S0,O969
S0,O97
S0,O970
S0,O972
S0,O974
S0,O977
S0,O978
S0,O979
S0,O98
S0,O982
S0,O983
S0,O985
S0,O986
S0,O987
S0,O989
S0,O99
S0,O990
S0,O991
S0,O994
S0,O996
S1,O0
S1,O1
S1,O10
S1,O1000
S1,O1004
S1,O1005
S1,O101
S1,O1010
S1,O1011
S1,O1015
S1,O102
S1,O1023
S1,O1024
S1,O1025
S1,O1029
S1,O1048
S1,O1053
S1,O1055
S1,O1056
S1,O1057
S1,O107
S1,O1071
S1,O1072
S1,O1079
S1,O1082
S1,O1084
S1,O1087
S1,O1089
S1,O109
S1,O1096
S1,O1097
S1,O1099
S1,O11
S1,O110
S1,O1100
S1,O1104
S1,O1108
S1,O1109
S1,O111
S1,O1118
S1,O1119
S1,O1123
S1,O1124
S1,O1126
S1,O1129
S1,O1131
S1,O1132
S1,O1134
S1,O1136
S1,O114
S1,O1141
S1,O1147
S1,O115
S1,O1150
S1,O1152
S1,O1162
S1,O1164
S1,O1167
S1,O1170
S1,O1171
S1,O1174
S1,O1175
S1,O1176
S1,O1178
S1,O118
S1,O1186
S1,O1189
S1,O119
S1,O1190
S1,O1192
S1,O1193
S1,O1195
S1,O1196
S1,O1197
S1,O1199
S1,O12
S1,O1203
S1,O1204
S1,O1207
S1,O1208
S1,O1210
S1,O1213
S1,O122
S1,O1227
S1,O1230
S1,O1231
S1,O1233
S1,O1235
S1,O1237
S1,O1239
S1,O1240
S1,O1248
S1,O125
S1,O1259
S1,O1264
S1,O1269
S1,O1270
S1,O1272
S1,O1277
S1,O1279
S1,O128
S1,O1284
S1,O1288
S1,O129
S1,O1291
S1,O1292
S1,O1293
S1,O1297
S1,O1299
S1,O13
S1,O130
S1,O1301
S1,O1306
S1,O1308
S1,O1310
S1,O1318
S1,O1319
S1,O1321
S1,O1325
S1,O1327
S1,O1331
S1,O1332
S1,O1334
S1,O1335
S1,O1339
S1,O1341
S1,O1343
S1,O1349
S1,O135
S1,O1350
S1,O1351
S1,O1353
S1,O1354
S1,O1355
S1,O136
S1,O1361
S1,O1366
S1,O1367
S1,O1378
S1,O1381
S1,O1383
S1,O1389
S1,O139
S1,O1393
S1,O1395
S1,O1397
S1,O1398
S1,O14
S1,O1400
S1,O1408
S1,O1413
S1,O1415
S1,O1418
S1,O1419
S1,O1420
S1,O1428
S1,O1431
S1,O1432
S1,O1433
S1,O1434
S1,O1435
S1,O144
S1,O1440
S1,O1445
S1,O1446
S1,O1447
S1,O145
S1,O1455
S1,O1458
S1,O146
S1,O1461
S1,O1467
S1,O1468
S1,O1469
S1,O1473
S1,O1474
S1,O1475
S1,O1476
S1,O1479
S1,O1483
S1,O1484
S1,O1485
S1,O1492
S1,O1494
S1,O1495
S1,O1496
S1,O1499
S1,O15
S1,O150
S1,O1501
S1,O1506
S1,O1509
S1,O1510
S1,O1512
S1,O1514
S1,O1517
S1,O1518
S1,O1524
S1,O1525
S1,O1528
S1,O1529
S1,O1531
S1,O1536
S1,O1540
S1,O1541
S1,O1545
S1,O1546
S1,O1547
S1,O1549
S1,O1551
S1,O1555
S1,O1558
S1,O1560
S1,O1561
S1,O1562
S1,O1563
S1,O1565
S1,O157
S1,O1570
S1,O1574
S1,O1576
S1,O1580
S1,O1582
S1,O1584
S1,O1585
S1,O1588
S1,O1591
S1,O1592
S1,O1595
S1,O1596
S1,O1598
S1,O16
S1,O1600
S1,O1601
S1,O1605
S1,O1606
S1,O1608
S1,O1611
S1,O1616
S1,O162
S1,O1621
S1,O1622
S1,O1626
S1,O1629
S1,O1632
S1,O1634
S1,O1643
S1,O1649
S1,O1651
S1,O1653
S1,O1654
S1,O1657
S1,O1664
S1,O1666
S1,O1669
S1,O167
S1,O1677
S1,O1685
S1,O1686
S1,O1687
S1,O1688
S1,O169
S1,O1690
S1,O1691
S1,O1694
S1,O1697
S1,O1699
S1,O17
S1,O1702
S1,O1704
S1,O1708
S1,O171
S1,O1710
S1,O1711
S1,O1718
S1,O1720
S1,O1721
S1,O1724
S1,O1727
S1,O1728
S1,O173
S1,O1736
S1,O1737
S1,O1741
S1,O1744
S1,O1745
S1,O1747
S1,O1749
S1,O1752
S1,O1753
S1,O1754
S1,O1756
S1,O1760
S1,O1766
S1,O1767
S1,O1770
S1,O1774
S1,O1780
S1,O1785
S1,O1786
S1,O1788
S1,O1792
S1,O1793
S1,O1794
S1,O1795
S1,O18
S1,O1801
S1,O1802
S1,O1806
S1,O1807
S1,O181
S1,O1814
S1,O182
S1,O1823
S1,O183
S1,O186
S1,O189
S1,O19
S1,O198
S1,O199
S1,O2
S1,O20
S1,O200
S1,O203
S1,O204
S1,O205
S1,O206
S1,O208
S1,O209
S1,O21
S1,O22
S1,O223
S1,O225
S1,O23
S1,O236
S1,O237
S1,O24
S1,O241
S1,O245
S1,O25
S1,O252
S1,O254
S1,O258
S1,O26
S1,O265
S1,O266
S1,O269
S1,O27
S1,O270
S1,O277
S1,O28
S1,O283
S1,O285
S1,O29
S1,O292
S1,O296
S1,O297
S1,O299
S1,O3
S1,O30
S1,O305
S1,O31
S1,O314
S1,O316
S1,O317
S1,O318
S1,O32
S1,O322
S1,O328
S1,O33
S1,O330
S1,O331
S1,O335
S1,O34
S1,O340
S1,O342
S1,O344
S1,O347
S1,O348
S1,O35
S1,O352
S1,O353
S1,O355
S1,O357
S1,O358
S1,O359
S1,O36
S1,O361
S1,O362
S1,O364
S1,O365
S1,O366
S1,O368
S1,O37
S1,O370
S1,O372
S1,O373
S1,O375
S1,O376
S1,O38
S1,O384
S1,O385
S1,O387
S1,O388
S1,O39
S1,O392
S1,O396
S1,O397
S1,O4
S1,O401
S1,O402
S1,O409
S1,O41
S1,O410
S1,O413
S1,O419
S1,O42
S1,O424
S1,O425
S1,O429
S1,O430
S1,O435
S1,O438
S1,O45
S1,O452
S1,O455
S1,O464
S1,O467
S1,O47
S1,O483
S1,O49
S1,O5
S1,O500
S1,O502
S1,O503
S1,O507
S1,O51
S1,O52
S1,O523
S1,O524
S1,O525
S1,O526
S1,O527
S1,O528
S1,O531
S1,O532
S1,O535
S1,O536
S1,O543
S1,O545
S1,O547
S1,O550
S1,O553
S1,O556
S1,O557
S1,O559
S1,O560
S1,O563
S1,O567
S1,O568
S1,O570
S1,O574
S1,O577
S1,O58
S1,O580
S1,O583
S1,O584
S1,O59
S1,O592
S1,O596
S1,O599
S1,O6
S1,O602
S1,O603
S1,O604
S1,O605
S1,O610
S1,O614
S1,O616
S1,O62
S1,O621
S1,O623
S1,O627
S1,O630
S1,O633
S1,O636
S1,O639
S1,O640
S1,O666
S1,O668
S1,O67
S1,O674
S1,O676
S1,O677
S1,O684
S1,O687
S1,O688
S1,O691
S1,O698
S1,O7
S1,O70
S1,O701
S1,O702
S1,O711
S1,O712
S1,O714
S1,O715
S1,O717
S1,O72
S1,O721
S1,O723
S1,O727
S1,O731
S1,O736
S1,O737
S1,O739
S1,O740
S1,O743
S1,O745
S1,O747
S1,O749
S1,O751
S1,O758
S1,O761
S1,O763
S1,O765
S1,O766
S1,O768
S1,O769
S1,O772
S1,O773
S1,O774
S1,O779
S1,O781
S1,O783
S1,O784
S1,O785
S1,O79
S1,O794
S1,O8
S1,O801
S1,O811
S1,O814
S1,O817
S1,O82
S1,O821
S1,O826
S1,O827
S1,O83
S1,O830
S1,O831
S1,O833
S1,O837
S1,O838
S1,O84
S1,O840
S1,O843
S1,O844
S1,O845
S1,O848
S1,O849
S1,O85
S1,O853
S1,O854
S1,O855
S1,O859
S1,O86
S1,O863
S1,O866
S1,O867
S1,O868
S1,O872
S1,O875
S1,O876
S1,O88
S1,O881
S1,O883
S1,O884
S1,O887
S1,O89
S1,O897
S1,O9
S1,O900
S1,O901
S1,O902
S1,O908
S1,O91
S1,O913
S1,O914
S1,O915
S1,O917
S1,O922
S1,O923
S1,O924
S1,O926
S1,O93
S1,O930
S1,O932
S1,O933
S1,O935
S1,O94
S1,O942
S1,O944
S1,O95
S1,O957
S1,O959
S1,O96
S1,O960
S1,O964
S1,O969
S1,O973
S1,O974
S1,O975
S1,O976
S1,O978
S1,O979
S1,O983
S1,O986
S1,O988
S1,O990
S1,O992
S2,O0
S2,O1
S2,O10
S2,O100
S2,O1002
S2,O1004
S2,O1005
S2,O1006
S2,O1008
S2,O1012
S2,O1017
S2,O1019
S2,O1022
S2,O1024
S2,O1025
S2,O1027
S2,O1035
S2,O1036
S2,O1038
S2,O1042
S2,O1044
S2,O1049
S2,O1050
S2,O1055
S2,O1056
S2,O1059
S2,O1062
S2,O1064
S2,O1067
S2,O1068
S2,O107
S2,O1075
S2,O1077
S2,O1079
S2,O1080
S2,O1082
S2,O1087
S2,O1089
S2,O1091
S2,O1096
S2,O1098
S2,O1099
S2,O11
S2,O1100
S2,O1103
S2,O1105
S2,O1106
S2,O1109
S2,O1115
S2,O1127
S2,O113
S2,O1131
S2,O1134
S2,O1139
S2,O1140
S2,O1147
S2,O115
S2,O1151
S2,O1153
S2,O1161
S2,O1168
S2,O1169
S2,O1171
S2,O1177
S2,O1178
S2,O1181
S2,O1183
S2,O1184
S2,O1185
S2,O1186
S2,O1190
S2,O1197
S2,O1198
S2,O1199
S2,O12
S2,O120
S2,O1206
S2,O1208
S2,O1213
S2,O1214
S2,O1218
S2,O122
S2,O1233
S2,O1234
S2,O1236
S2,O1239
S2,O124
S2,O1241
S2,O1243
S2,O1244
S2,O1255
S2,O1257
S2,O1259
S2,O1260
S2,O1264
S2,O1267
S2,O1272
S2,O1275
S2,O1276
S2,O1278
S2,O1280
S2,O1285
S2,O1286
S2,O1289
S2,O129
S2,O1294
S2,O1298
S2,O13
S2,O1301
S2,O1305
S2,O1309
S2,O1311
S2,O1312
S2,O1313
S2,O1316
S2,O1326
S2,O1330
S2,O1332
S2,O1334
S2,O1337
S2,O1338
S2,O135
S2,O1352
S2,O1357
S2,O1359
S2,O136
S2,O1360
S2,O1365
S2,O1368
S2,O1374
S2,O1377
S2,O1383
S2,O1388
S2,O1389
S2,O139
S2,O1391
S2,O1393
S2,O1394
S2,O1396
S2,O14
S2,O1403
S2,O1405
S2,O1408
S2,O1409
S2,O1415
S2,O1423
S2,O1424
S2,O1425
S2,O1426
S2,O1430
S2,O1434
S2,O1439
S2,O1440
S2,O1441
S2,O1444
S2,O1450
S2,O1453
S2,O1454
S2,O1457
S2,O1463
S2,O1465
S2,O1466
S2,O1467
S2,O1468
S2,O1469
S2,O1470
S2,O1473
S2,O1475
S2,O1481
S2,O1482
S2,O1485
S2,O1488
S2,O149
S2,O1490
S2,O1492
S2,O1494
S2,O1497
S2,O15
S2,O1502
S2,O1503
S2,O1505
S2,O1507
S2,O1514
S2,O1519
S2,O1521
S2,O1522
S2,O1523
S2,O1525
S2,O1528
S2,O1538
S2,O1540
S2,O1543
S2,O1544
S2,O1546
S2,O1547
S2,O1553
S2,O1555
S2,O156
S2,O1560
S2,O1562
S2,O1563
S2,O1566
S2,O1572
S2,O1586
S2,O1588
S2,O1590
S2,O1592
S2,O1597
S2,O1598
S2,O1599
S2,O16
S2,O160
S2,O1602
S2,O1607
S2,O1608
S2,O1617
S2,O1623
S2,O1625
S2,O1628
S2,O1630
S2,O1635
S2,O1638
S2,O1643
S2,O1655
S2,O1661
S2,O1662
S2,O1664
S2,O1668
S2,O167
S2,O1675
S2,O1676
S2,O1677
S2,O1678
S2,O1679
S2,O1680
S2,O1683
S2,O1688
S2,O1694
S2,O1695
S2,O1698
S2,O17
S2,O1701
S2,O1702
S2,O1703
S2,O1704
S2,O1705
S2,O1707
S2,O1709
S2,O1710
S2,O1712
S2,O1713
S2,O1714
S2,O1717
S2,O1722
S2,O1728
S2,O1731
S2,O1741
S2,O1742
S2,O175
S2,O1756
S2,O1757
S2,O1759
S2,O176
S2,O1760
S2,O1763
S2,O1767
S2,O1768
S2,O1769
S2,O177
S2,O1772
S2,O1774
S2,O1778
S2,O1779
S2,O1783
S2,O1789
S2,O1790
S2,O1793
S2,O18
S2,O180
S2,O1801
S2,O1802
S2,O1803
S2,O1804
S2,O1805
S2,O1807
S2,O1809
S2,O1811
S2,O1815
S2,O1820
S2,O1822
S2,O19
S2,O198
S2,O199
S2,O2
S2,O20
S2,O200
S2,O207
S2,O21
S2,O211
S2,O214
S2,O217
S2,O219
S2,O22
S2,O227
S2,O228
S2,O23
S2,O231
S2,O232
S2,O239
S2,O24
S2,O240
S2,O248
S2,O25
S2,O251
S2,O255
S2,O256
S2,O258
S2,O259
S2,O26
S2,O261
S2,O263
S2,O265
S2,O267
S2,O27
S2,O271
S2,O272
S2,O276
S2,O278
S2,O28
S2,O282
S2,O284
S2,O286
S2,O287
S2,O29
S2,O291
S2,O295
S2,O3
S2,O30
S2,O303
S2,O304
S2,O305
S2,O31
S2,O314
S2,O315
S2,O317
S2,O318
S2,O319
S2,O32
S2,O320
S2,O323
S2,O328
S2,O33
S2,O330
S2,O334
S2,O336
S2,O337
S2,O34
S2,O340
S2,O342
S2,O344
S2,O35
S2,O351
S2,O353
S2,O354
S2,O355
S2,O357
S2,O359
S2,O36
S2,O364
S2,O365
S2,O366
S2,O368
S2,O37
S2,O374
S2,O376
S2,O38
S2,O381
S2,O383
S2,O384
S2,O385
S2,O39
S2,O390
S2,O4
S2,O40
S2,O402
S2,O405
S2,O41
S2,O410
S2,O415
S2,O422
S2,O424
S2,O43
S2,O433
S2,O442
S2,O444
S2,O446
S2,O448
S2,O450
S2,O452
S2,O457
S2,O459
S2,O464
S2,O466
S2,O470
S2,O471
S2,O476
S2,O48
S2,O489
S2,O49
S2,O490
S2,O491
S2,O498
S2,O5
S2,O50
S2,O500
S2,O503
S2,O504
S2,O505
S2,O507
S2,O508
S2,O510
S2,O514
S2,O516
S2,O517
S2,O518
S2,O519
S2,O52
S2,O520
S2,O529
S2,O533
S2,O534
S2,O537
S2,O538
S2,O54
S2,O548
S2,O555
S2,O558
S2,O559
S2,O56
S2,O561
S2,O569
S2,O576
S2,O579
S2,O58
S2,O580
S2,O583
S2,O586
S2,O590
S2,O591
S2,O598
S2,O6
S2,O602
S2,O608
S2,O61
S2,O610
S2,O619
S2,O620
S2,O626
S2,O629
S2,O636
S2,O647
S2,O654
S2,O659
S2,O664
S2,O665
S2,O667
S2,O672
S2,O677
S2,O679
S2,O684
S2,O689
S2,O690
S2,O691
S2,O694
S2,O7
S2,O709
S2,O71
S2,O711
S2,O719
S2,O724
S2,O725
S2,O726
S2,O727
S2,O730
S2,O732
S2,O734
S2,O735
S2,O738
S2,O741
S2,O742
S2,O744
S2,O749
S2,O750
S2,O751
S2,O758
S2,O766
S2,O767
S2,O770
S2,O771
S2,O774
S2,O775
S2,O776
S2,O777
S2,O781
S2,O785
S2,O786
S2,O792
S2,O793
S2,O795
S2,O8
S2,O803
S2,O805
S2,O808
S2,O809
S2,O810
S2,O812
S2,O815
S2,O816
S2,O818
S2,O820
S2,O822
S2,O823
S2,O826
S2,O827
S2,O83
S2,O835
S2,O836
S2,O839
S2,O840
S2,O845
S2,O847
S2,O857
S2,O860
S2,O861
S2,O868
S2,O869
S2,O87
S2,O871
S2,O872
S2,O877
S2,O879
S2,O88
S2,O880
S2,O882
S2,O884
S2,O89
S2,O890
S2,O892
S2,O898
S2,O9
S2,O902
S2,O904
S2,O911
S2,O919
S2,O92
S2,O923
S2,O924
S2,O928
S2,O932
S2,O937
S2,O938
S2,O942
S2,O943
S2,O947
S2,O953
S2,O955
S2,O956
S2,O966
S2,O969
S2,O97
S2,O971
S2,O972
S2,O975
S2,O98
S2,O985
S2,O990
S2,O991
S2,O993
S2,O994
S2,O999
S3,O0
S3,O1
S3,O10
S3,O1004
S3,O1009
S3,O1013
S3,O1014
S3,O1017
S3,O102
S3,O1021
S3,O1025
S3,O1033
S3,O1035
S3,O104
S3,O1042
S3,O1050
S3,O1054
S3,O1056
S3,O1063
S3,O1067
S3,O1069
S3,O1075
S3,O1076
S3,O1083
S3,O1087
S3,O1089
S3,O1090
S3,O1093
S3,O1095
S3,O1098
S3,O1099
S3,O11
S3,O110
S3,O1105
S3,O1106
S3,O111
S3,O1113
S3,O1116
S3,O1117
S3,O1118
S3,O1119
S3,O1128
S3,O1129
S3,O1131
S3,O1132
S3,O1154
S3,O1160
S3,O1161
S3,O1169
S3,O1170
S3,O1175
S3,O1182
S3,O1184
S3,O1186
S3,O1189
S3,O1196
S3,O12
S3,O1208
S3,O1225
S3,O1230
S3,O1232
S3,O1240
S3,O1241
S3,O1251
S3,O1255
S3,O1256
S3,O1262
S3,O1263
S3,O1265
S3,O1268
S3,O1275
S3,O1277
S3,O1284
S3,O1285
S3,O1286
S3,O1287
S3,O1288
S3,O1292
S3,O1296
S3,O13
S3,O1305
S3,O1307
S3,O132
S3,O1322
S3,O1323
S3,O1325
S3,O1326
S3,O1336
S3,O1344
S3,O1346
S3,O1347
S3,O1354
S3,O1362
S3,O1363
S3,O1366
S3,O1367
S3,O1372
S3,O1378
S3,O1384
S3,O1385
S3,O1387
S3,O139
S3,O1392
S3,O1394
S3,O1395
S3,O1398
S3,O14
S3,O1400
S3,O1405
S3,O1419
S3,O1420
S3,O1421
S3,O1435
S3,O1449
S3,O145
S3,O1455
S3,O1457
S3,O1459
S3,O146
S3,O1460
S3,O1464
S3,O1468
S3,O1470
S3,O1471
S3,O1475
S3,O1484
S3,O1486
S3,O1488
S3,O149
S3,O1490
S3,O1491
S3,O1492
S3,O1494
S3,O1497
S3,O15
S3,O150
S3,O1501
S3,O1504
S3,O1506
S3,O1508
S3,O1511
S3,O1514
S3,O1516
S3,O1518
S3,O1519
S3,O1527
S3,O1530
S3,O1536
S3,O154
S3,O1548
S3,O1557
S3,O1558
S3,O1559
S3,O1562
S3,O1565
S3,O1566
S3,O1567
S3,O1569
S3,O1583
S3,O1586
S3,O1587
S3,O159
S3,O1592
S3,O1597
S3,O16
S3,O1604
S3,O1616
S3,O1629
S3,O1640
S3,O1641
S3,O1644
S3,O1645
S3,O1648
S3,O1649
S3,O165
S3,O1650
S3,O1654
S3,O1659
S3,O1664
S3,O167
S3,O1684
S3,O1685
S3,O1686
S3,O1688
S3,O1699
S3,O17
S3,O1700
S3,O1701
S3,O1708
S3,O1709
S3,O1713
S3,O1714
S3,O1717
S3,O1718
S3,O1727
S3,O1730
S3,O1733
S3,O1736
S3,O1737
S3,O1745
S3,O1750
S3,O1751
S3,O1752
S3,O1758
S3,O1761
S3,O1762
S3,O177
S3,O1771
S3,O1772
S3,O1773
S3,O1777
S3,O1778
S3,O178
S3,O1791
S3,O1797
S3,O1799
S3,O18
S3,O180
S3,O1804
S3,O1807
S3,O1812
S3,O1813
S3,O1814
S3,O1820
S3,O19
S3,O193
S3,O196
S3,O199
S3,O2
S3,O20
S3,O204
S3,O206
S3,O207
S3,O21
S3,O210
S3,O213
S3,O214
S3,O216
S3,O219
S3,O22
S3,O222
S3,O23
S3,O238
S3,O24
S3,O241
S3,O243
S3,O25
S3,O251
S3,O253
S3,O26
S3,O260
S3,O27
S3,O274
S3,O276
S3,O28
S3,O29
S3,O291
S3,O295
S3,O299
S3,O3
S3,O30
S3,O302
S3,O303
S3,O31
S3,O313
S3,O315
S3,O317
S3,O32
S3,O321
S3,O322
S3,O325
S3,O326
S3,O327
S3,O33
S3,O337
S3,O34
S3,O342
S3,O349
S3,O35
S3,O36
S3,O361
S3,O363
S3,O366
S3,O37
S3,O370
S3,O376
S3,O38
S3,O380
S3,O382
S3,O383
S3,O384
S3,O387
S3,O39
S3,O392
S3,O395
S3,O396
S3,O4
S3,O40
S3,O402
S3,O406
S3,O411
S3,O414
S3,O417
S3,O418
S3,O42
S3,O421
S3,O426
S3,O427
S3,O437
S3,O443
S3,O448
S3,O449
S3,O45
S3,O451
S3,O452
S3,O454
S3,O467
S3,O469
S3,O475
S3,O482
S3,O483
S3,O484
S3,O493
S3,O497
S3,O5
S3,O501
S3,O504
S3,O511
S3,O513
S3,O516
S3,O521
S3,O523
S3,O528
S3,O533
S3,O536
S3,O537
S3,O538
S3,O544
S3,O547
S3,O549
S3,O550
S3,O552
S3,O555
S3,O559
S3,O56
S3,O565
S3,O566
S3,O568
S3,O570
S3,O571
S3,O58
S3,O583
S3,O588
S3,O589
S3,O591
S3,O592
S3,O598
S3,O6
S3,O601
S3,O603
S3,O604
S3,O606
S3,O61
S3,O615
S3,O616
S3,O627
S3,O628
S3,O63
S3,O632
S3,O638
S3,O646
S3,O647
S3,O648
S3,O650
S3,O653
S3,O656
S3,O657
S3,O67
S3,O671
S3,O675
S3,O68
S3,O680
S3,O681
S3,O682
S3,O687
S3,O689
S3,O69
S3,O693
S3,O7
S3,O702
S3,O703
S3,O71
S3,O711
S3,O717
S3,O719
S3,O73
S3,O733
S3,O734
S3,O735
S3,O739
S3,O744
S3,O747
S3,O749
S3,O751
S3,O753
S3,O754
S3,O759
S3,O762
S3,O766
S3,O77
S3,O771
S3,O773
S3,O778
S3,O781
S3,O783
S3,O791
S3,O8
S3,O806
S3,O819
S3,O82
S3,O820
S3,O825
S3,O826
S3,O828
S3,O83
S3,O834
S3,O835
S3,O84
S3,O844
S3,O850
S3,O851
S3,O852
S3,O857
S3,O86
S3,O861
S3,O867
S3,O868
S3,O874
S3,O877
S3,O883
S3,O884
S3,O887
S3,O889
S3,O894
S3,O895
S3,O897
S3,O898
S3,O9
S3,O90
S3,O902
S3,O907
S3,O923
S3,O924
S3,O927
S3,O933
S3,O934
S3,O936
S3,O939
S3,O941
S3,O95
S3,O953
S3,O957
S3,O959
S3,O962
S3,O974
S3,O979
S3,O983
S3,O988
S3,O993
S4,O0
S4,O1
S4,O10
S4,O1001
S4,O1003
S4,O1013
S4,O1016
S4,O1017
S4,O1022
S4,O1023
S4,O1026
S4,O1029
S4,O1030
S4,O1033
S4,O1035
S4,O1036
S4,O1043
S4,O1055
S4,O1057
S4,O1067
S4,O1068
S4,O1070
S4,O1076
S4,O1078
S4,O1079
S4,O1087
S4,O1088
S4,O1089
S4,O1090
S4,O1098
S4,O11
S4,O110
S4,O1102
S4,O1112
S4,O1113
S4,O1117
S4,O1118
S4,O1127
S4,O1137
S4,O1138
S4,O1141
S4,O1142
S4,O1143
S4,O1147
S4,O1150
S4,O1157
S4,O1158
S4,O116
S4,O1162
S4,O1167
S4,O1169
S4,O1171
S4,O1181
S4,O1184
S4,O1187
S4,O1188
S4,O1194
S4,O1197
S4,O12
S4,O1203
S4,O1207
S4,O121
S4,O1216
S4,O1219
S4,O122
S4,O1220
S4,O1222
S4,O1224
S4,O1228
S4,O1233
S4,O124
S4,O1242
S4,O1244
S4,O1245
S4,O1248
S4,O1249
S4,O1251
S4,O1261
S4,O1266
S4,O1267
S4,O1268
S4,O1269
S4,O1276
S4,O1279
S4,O128
S4,O129
S4,O1291
S4,O1292
S4,O1299
S4,O13
S4,O1301
S4,O1305
S4,O1307
S4,O1314
S4,O1316
S4,O1317
S4,O1326
S4,O1327
S4,O1336
S4,O1343
S4,O1345
S4,O1349
S4,O1359
S4,O136
S4,O1360
S4,O1366
S4,O1369
S4,O1374
S4,O1380
S4,O1388
S4,O139
S4,O1391
S4,O1399
S4,O14
S4,O1400
S4,O1403
S4,O1411
S4,O1413
S4,O1419
S4,O1422
S4,O1423
S4,O1425
S4,O1428
S4,O1437
S4,O1439
S4,O144
S4,O1442
S4,O145
S4,O1450
S4,O1455
S4,O1456
S4,O1464
S4,O1467
S4,O1472
S4,O1473
S4,O1480
S4,O1482
S4,O1483
S4,O1488
S4,O1493
S4,O1495
S4,O15
S4,O1506
S4,O151
S4,O1514
S4,O1516
S4,O152
S4,O1523
S4,O1525
S4,O1526
S4,O1528
S4,O1536
S4,O1537
S4,O1553
S4,O1556
S4,O1561
S4,O1563
S4,O1564
S4,O1572
S4,O1578
S4,O1580
S4,O1583
S4,O1586
S4,O1588
S4,O1597
S4,O1598
S4,O1599
S4,O16
S4,O160
S4,O1602
S4,O1609
S4,O1611
S4,O1614
S4,O1615
S4,O1616
S4,O1621
S4,O1622
S4,O1624
S4,O1630
S4,O1631
S4,O1633
S4,O1635
S4,O1637
S4,O1639
S4,O1640
S4,O1641
S4,O1646
S4,O1654
S4,O1663
S4,O168
S4,O1687
S4,O1690
S4,O1693
S4,O1699
S4,O17
S4,O1702
S4,O1716
S4,O1718
S4,O1720
S4,O1723
S4,O1730
S4,O1733
S4,O1736
S4,O174
S4,O1741
S4,O1743
S4,O1745
S4,O1746
S4,O1748
S4,O1753
S4,O1755
S4,O1758
S4,O1760
S4,O1763
S4,O1767
S4,O1785
S4,O1786
S4,O1789
S4,O179
S4,O1790
S4,O1796
S4,O1797
S4,O1798
S4,O1799
S4,O18
S4,O180
S4,O1801
S4,O1802
S4,O1804
S4,O1805
S4,O1810
S4,O183
S4,O184
S4,O19
S4,O191
S4,O197
S4,O2
S4,O20
S4,O200
S4,O204
S4,O205
S4,O207
S4,O21
S4,O212
S4,O216
S4,O22
S4,O221
S4,O222
S4,O223
S4,O226
S4,O227
S4,O23
S4,O234
S4,O235
S4,O236
S4,O24
S4,O245
S4,O25
S4,O26
S4,O267
S4,O268
S4,O27
S4,O273
S4,O274
S4,O275
S4,O277
S4,O28
S4,O29
S4,O298
S4,O3
S4,O30
S4,O300
S4,O302
S4,O306
S4,O31
S4,O311
S4,O315
S4,O319
S4,O32
S4,O320
S4,O323
S4,O328
S4,O33
S4,O333
S4,O334
S4,O335
S4,O337
S4,O339
S4,O34
S4,O343
S4,O35
S4,O356
S4,O359
S4,O36
S4,O365
S4,O367
S4,O369
S4,O37
S4,O374
S4,O377
S4,O38
S4,O384
S4,O39
S4,O394
S4,O395
S4,O397
S4,O398
S4,O4
S4,O403
S4,O408
S4,O411
S4,O412
S4,O416
S4,O42
S4,O426
S4,O433
S4,O439
S4,O443
S4,O445
S4,O447
S4,O453
S4,O458
S4,O459
S4,O46
S4,O464
S4,O468
S4,O470
S4,O472
S4,O473
S4,O476
S4,O48
S4,O486
S4,O489
S4,O490
S4,O491
S4,O5
S4,O502
S4,O507
S4,O513
S4,O515
S4,O521
S4,O523
S4,O525
S4,O527
S4,O53
S4,O532
S4,O535
S4,O538
S4,O539
S4,O54
S4,O550
S4,O551
S4,O553
S4,O557
S4,O559
S4,O562
S4,O565
S4,O568
S4,O575
S4,O58
S4,O582
S4,O585
S4,O588
S4,O591
S4,O594
S4,O595
S4,O597
S4,O599
S4,O6
S4,O603
S4,O608
S4,O61
S4,O611
S4,O619
S4,O622
S4,O625
S4,O629
S4,O641
S4,O644
S4,O645
S4,O648
S4,O659
S4,O661
S4,O672
S4,O679
S4,O681
S4,O683
S4,O685
S4,O686
S4,O688
S4,O692
S4,O693
S4,O699
S4,O7
S4,O702
S4,O709
S4,O711
S4,O716
S4,O717
S4,O719
S4,O720
S4,O725
S4,O731
S4,O738
S4,O740
S4,O745
S4,O747
S4,O75
S4,O756
S4,O759
S4,O761
S4,O762
S4,O764
S4,O773
S4,O774
S4,O789
S4,O793
S4,O794
S4,O8
S4,O801
S4,O803
S4,O807
S4,O809
S4,O81
S4,O810
S4,O82
S4,O820
S4,O825
S4,O826
S4,O829
S4,O838
S4,O841
S4,O843
S4,O857
S4,O858
S4,O863
S4,O865
S4,O868
S4,O872
S4,O873
S4,O884
S4,O889
S4,O89
S4,O896
S4,O898
S4,O899
S4,O9
S4,O905
S4,O912
S4,O919
S4,O920
S4,O931
S4,O937
S4,O938
S4,O942
S4,O944
S4,O946
S4,O95
S4,O952
S4,O955
S4,O96
S4,O963
S4,O970
S4,O972
S4,O975
S4,O978
S4,O983
S4,O995
S5,O0
S5,O1
S5,O10
S5,O1002
S5,O1004
S5,O1005
S5,O1006
S5,O1007
S5,O101
S5,O1023
S5,O103
S5,O1032
S5,O1033
S5,O1042
S5,O1047
S5,O1052
S5,O1056
S5,O1057
S5,O1058
S5,O1066
S5,O1073
S5,O1080
S5,O1085
S5,O1091
S5,O1095
S5,O1099
S5,O11
S5,O110
S5,O1100
S5,O1103
S5,O1104
S5,O1105
S5,O1107
S5,O1110
S5,O1114
S5,O1118
S5,O112
S5,O1132
S5,O1138
S5,O1155
S5,O1157
S5,O1161
S5,O1166
S5,O118
S5,O1182
S5,O1186
S5,O1188
S5,O1191
S5,O12
S5,O1205
S5,O1206
S5,O1209
S5,O1210
S5,O1212
S5,O1213
S5,O1221
S5,O1222
S5,O1224
S5,O1230
S5,O1236
S5,O1238
S5,O1239
S5,O124
S5,O1246
S5,O1252
S5,O1253
S5,O1257
S5,O127
S5,O1270
S5,O1273
S5,O1274
S5,O1276
S5,O1277
S5,O1286
S5,O1291
S5,O1294
S5,O1298
S5,O13
S5,O1302
S5,O1311
S5,O1312
S5,O1313
S5,O1315
S5,O1320
S5,O1326
S5,O1329
S5,O1330
S5,O1333
S5,O1337
S5,O1341
S5,O1344
S5,O1345
S5,O1348
S5,O1350
S5,O1352
S5,O1357
S5,O1359
S5,O1361
S5,O1365
S5,O1369
S5,O1371
S5,O1373
S5,O1377
S5,O1379
S5,O1380
S5,O1383
S5,O1386
S5,O1394
S5,O14
S5,O1400
S5,O1409
S5,O1411
S5,O1413
S5,O1417
S5,O1422
S5,O1423
S5,O1426
S5,O1428
S5,O1430
S5,O1432
S5,O1436
S5,O1437
S5,O1439
S5,O1446
S5,O1447
S5,O146
S5,O1461
S5,O1468
S5,O1475
S5,O1477
S5,O1479
S5,O1487
S5,O1489
S5,O1490
S5,O1491
S5,O1495
S5,O1499
S5,O15
S5,O1503
S5,O1505
S5,O1515
S5,O1516
S5,O1524
S5,O1526
S5,O1530
S5,O1531
S5,O1532
S5,O1533
S5,O1549
S5,O1550
S5,O1551
S5,O1553
S5,O1557
S5,O1559
S5,O1566
S5,O1568
S5,O157
S5,O1570
S5,O1576
S5,O1598
S5,O16
S5,O160
S5,O1603
S5,O1610
S5,O1614
S5,O1616
S5,O1624
S5,O1625
S5,O1627
S5,O1629
S5,O1632
S5,O1636
S5,O1639
S5,O164
S5,O1640
S5,O1643
S5,O1644
S5,O1654
S5,O1655
S5,O1660
S5,O1665
S5,O1667
S5,O1671
S5,O1673
S5,O1677
S5,O1679
S5,O1681
S5,O1693
S5,O1699
S5,O17
S5,O1701
S5,O1707
S5,O1709
S5,O1719
S5,O1723
S5,O1727
S5,O1730
S5,O1732
S5,O1733
S5,O1743
S5,O1744
S5,O1751
S5,O1756
S5,O1758
S5,O1759
S5,O1766
S5,O1771
S5,O1779
S5,O1782
S5,O1784
S5,O1786
S5,O179
S5,O1797
S5,O1799
S5,O18
S5,O1800
S5,O1804
S5,O1805
S5,O1806
S5,O1807
S5,O1809
S5,O1819
S5,O1820
S5,O19
S5,O193
S5,O194
S5,O197
S5,O2
S5,O20
S5,O209
S5,O21
S5,O213
S5,O214
S5,O216
S5,O219
S5,O22
S5,O220
S5,O221
S5,O222
S5,O226
S5,O227
S5,O229
S5,O23
S5,O230
S5,O234
S5,O235
S5,O236
S5,O237
S5,O24
S5,O241
S5,O244
S5,O245
S5,O246
S5,O249
S5,O25
S5,O251
S5,O256
S5,O259
S5,O26
S5,O263
S5,O267
S5,O27
S5,O275
S5,O277
S5,O279
S5,O28
S5,O289
S5,O29
S5,O291
S5,O293
S5,O294
S5,O3
S5,O30
S5,O301
S5,O304
S5,O306
S5,O308
S5,O31
S5,O311
S5,O318
S5,O32
S5,O325
S5,O329
S5,O33
S5,O332
S5,O333
S5,O334
S5,O335
S5,O336
S5,O338
S5,O34
S5,O344
S5,O35
S5,O356
S5,O357
S5,O358
S5,O36
S5,O363
S5,O367
S5,O368
S5,O37
S5,O372
S5,O376
S5,O379
S5,O38
S5,O383
S5,O389
S5,O39
S5,O390
S5,O392
S5,O395
S5,O4
S5,O40
S5,O403
S5,O407
S5,O422
S5,O425
S5,O43
S5,O432
S5,O434
S5,O438
S5,O439
S5,O444
S5,O445
S5,O446
S5,O450
S5,O461
S5,O465
S5,O467
S5,O473
S5,O474
S5,O476
S5,O480
S5,O487
S5,O49
S5,O5
S5,O503
S5,O510
S5,O511
S5,O518
S5,O524
S5,O525
S5,O526
S5,O531
S5,O535
S5,O537
S5,O538
S5,O54
S5,O543
S5,O547
S5,O55
S5,O551
S5,O552
S5,O560
S5,O565
S5,O566
S5,O568
S5,O57
S5,O572
S5,O575
S5,O576
S5,O582
S5,O586
S5,O589
S5,O592
S5,O6
S5,O605
S5,O61
S5,O610
S5,O612
S5,O619
S5,O620
S5,O624
S5,O629
S5,O631
S5,O633
S5,O644
S5,O646
S5,O647
S5,O649
S5,O650
S5,O652
S5,O656
S5,O657
S5,O66
S5,O667
S5,O674
S5,O675
S5,O679
S5,O694
S5,O695
S5,O698
S5,O7
S5,O70
S5,O700
S5,O71
S5,O713
S5,O715
S5,O716
S5,O719
S5,O721
S5,O73
S5,O730
S5,O731
S5,O734
S5,O747
S5,O750
S5,O756
S5,O758
S5,O76
S5,O765
S5,O772
S5,O776
S5,O786
S5,O790
S5,O793
S5,O798
S5,O8
S5,O806
S5,O810
S5,O815
S5,O821
S5,O826
S5,O828
S5,O831
S5,O835
S5,O839
S5,O843
S5,O845
S5,O848
S5,O85
S5,O859
S5,O867
S5,O875
S5,O878
S5,O879
S5,O880
S5,O899
S5,O9
S5,O901
S5,O902
S5,O903
S5,O907
S5,O908
S5,O911
S5,O915
S5,O919
S5,O923
S5,O93
S5,O933
S5,O940
S5,O942
S5,O944
S5,O95
S5,O950
S5,O951
S5,O956
S5,O961
S5,O964
S5,O966
S5,O967
S5,O969
S5,O984
S5,O988
S5,O99
S5,O992
S5,O993
S5,O998
S6,O0
S6,O1
S6,O10
S6,O1001
S6,O1002
S6,O1009
S6,O101
S6,O1017
S6,O1020
S6,O1022
S6,O1031
S6,O1032
S6,O1033
S6,O1037
S6,O104
S6,O1042
S6,O1044
S6,O105
S6,O1052
S6,O1053
S6,O1058
S6,O106
S6,O1066
S6,O1067
S6,O107
S6,O1075
S6,O1077
S6,O1087
S6,O109
S6,O1092
S6,O11
S6,O1102
S6,O1105
S6,O111
S6,O1112
S6,O1122
S6,O1128
S6,O1139
S6,O1145
S6,O1152
S6,O1155
S6,O1159
S6,O116
S6,O1161
S6,O1162
S6,O1163
S6,O117
S6,O1172
S6,O1174
S6,O1181
S6,O1188
S6,O119
S6,O1190
S6,O1199
S6,O12
S6,O1201
S6,O1204
S6,O1211
S6,O122
S6,O123
S6,O1234
S6,O1239
S6,O1240
S6,O1254
S6,O1255
S6,O1256
S6,O1268
S6,O127
S6,O1270
S6,O1276
S6,O1278
S6,O128
S6,O1282
S6,O1284
S6,O1289
S6,O1296
S6,O1298
S6,O13
S6,O1302
S6,O1304
S6,O1307
S6,O1319
S6,O1323
S6,O1325
S6,O1333
S6,O1334
S6,O1335
S6,O1337
S6,O1338
S6,O1340
S6,O1343
S6,O1346
S6,O135
S6,O1351
S6,O1356
S6,O1357
S6,O1360
S6,O1363
S6,O1368
S6,O1369
S6,O1372
S6,O1376
S6,O1379
S6,O1382
S6,O1384
S6,O1388
S6,O1391
S6,O1393
S6,O14
S6,O1405
S6,O1413
S6,O1415
S6,O1419
S6,O1421
S6,O1422
S6,O1429
S6,O1430
S6,O1434
S6,O1435
S6,O1436
S6,O1453
S6,O1458
S6,O1460
S6,O1464
S6,O1471
S6,O1472
S6,O1476
S6,O1481
S6,O1491
S6,O1492
S6,O1496
S6,O15
S6,O1502
S6,O1508
S6,O1509
S6,O1512
S6,O1518
S6,O1529
S6,O1533
S6,O1534
S6,O1535
S6,O1540
S6,O1541
S6,O1542
S6,O1544
S6,O1545
S6,O1553
S6,O1556
S6,O1559
S6,O1560
S6,O1563
S6,O1564
S6,O1578
S6,O158
S6,O1586
S6,O1590
S6,O1591
S6,O1596
S6,O1599
S6,O16
S6,O1605
S6,O1607
S6,O1611
S6,O1616
S6,O1619
S6,O162
S6,O1621
S6,O1628
S6,O1634
S6,O1640
S6,O1650
S6,O1656
S6,O1657
S6,O1674
S6,O1676
S6,O1682
S6,O1687
S6,O1688
S6,O1689
S6,O169
S6,O1693
S6,O17
S6,O1700
S6,O1704
S6,O1709
S6,O171
S6,O1711
S6,O1715
S6,O1717
S6,O1719
S6,O1721
S6,O1726
S6,O1728
S6,O173
S6,O1734
S6,O1738
S6,O1739
S6,O174
S6,O1740
S6,O1743
S6,O1745
S6,O1748
S6,O1749
S6,O1753
S6,O1756
S6,O1757
S6,O1761
S6,O1768
S6,O1776
S6,O178
S6,O1784
S6,O1787
S6,O1789
S6,O179
S6,O1798
S6,O18
S6,O1800
S6,O1801
S6,O181
S6,O1810
S6,O1811
S6,O1813
S6,O1815
S6,O1820
S6,O1822
S6,O1823
S6,O19
S6,O191
S6,O197
S6,O2
S6,O20
S6,O201
S6,O202
S6,O204
S6,O205
S6,O206
S6,O21
S6,O216
S6,O219
S6,O22
S6,O227
S6,O23
S6,O233
S6,O234
S6,O24
S6,O243
S6,O245
S6,O248
S6,O25
S6,O251
S6,O258
S6,O26
S6,O27
S6,O272
S6,O275
S6,O277
S6,O279
S6,O28
S6,O29
S6,O297
S6,O3
S6,O30
S6,O306
S6,O309
S6,O31
S6,O316
S6,O32
S6,O320
S6,O323
S6,O324
S6,O325
S6,O33
S6,O333
S6,O336
S6,O34
S6,O35
S6,O352
S6,O355
S6,O359
S6,O36
S6,O363
S6,O364
S6,O366
S6,O37
S6,O371
S6,O38
S6,O384
S6,O386
S6,O388
S6,O39
S6,O390
S6,O392
S6,O4
S6,O402
S6,O406
S6,O407
S6,O41
S6,O414
S6,O42
S6,O421
S6,O425
S6,O428
S6,O44
S6,O444
S6,O445
S6,O448
S6,O449
S6,O45
S6,O453
S6,O457
S6,O461
S6,O465
S6,O469
S6,O479
S6,O490
S6,O5
S6,O50
S6,O504
S6,O507
S6,O508
S6,O513
S6,O514
S6,O515
S6,O519
S6,O535
S6,O537
S6,O54
S6,O548
S6,O55
S6,O554
S6,O557
S6,O558
S6,O56
S6,O567
S6,O568
S6,O574
S6,O576
S6,O586
S6,O587
S6,O588
S6,O593
S6,O6
S6,O60
S6,O602
S6,O604
S6,O611
S6,O619
S6,O620
S6,O624
S6,O630
S6,O632
S6,O641
S6,O643
S6,O644
S6,O658
S6,O662
S6,O665
S6,O668
S6,O672
S6,O673
S6,O675
S6,O677
S6,O697
S6,O7
S6,O70
S6,O702
S6,O703
S6,O714
S6,O718
S6,O719
S6,O725
S6,O733
S6,O74
S6,O741
S6,O748
S6,O749
S6,O759
S6,O762
S6,O770
S6,O784
S6,O786
S6,O787
S6,O795
S6,O796
S6,O797
S6,O8
S6,O801
S6,O802
S6,O805
S6,O81
S6,O811
S6,O813
S6,O814
S6,O816
S6,O82
S6,O820
S6,O828
S6,O834
S6,O841
S6,O843
S6,O847
S6,O848
S6,O852
S6,O857
S6,O86
S6,O860
S6,O868
S6,O869
S6,O875
S6,O884
S6,O886
S6,O89
S6,O893
S6,O897
S6,O9
S6,O902
S6,O904
S6,O908
S6,O909
S6,O916
S6,O918
S6,O923
S6,O926
S6,O930
S6,O935
S6,O939
S6,O941
S6,O942
S6,O950
S6,O952
S6,O959
S6,O960
S6,O969
S6,O971
S6,O984
S7,O0
S7,O1
S7,O10
S7,O100
S7,O1004
S7,O1006
S7,O1012
S7,O1013
S7,O1025
S7,O1026
S7,O1032
S7,O1035
S7,O1040
S7,O1042
S7,O1045
S7,O1046
S7,O1049
S7,O1052
S7,O1056
S7,O1058
S7,O1062
S7,O1064
S7,O1072
S7,O1085
S7,O1097
S7,O11
S7,O1104
S7,O1105
S7,O1112
S7,O1115
S7,O1122
S7,O1125
S7,O1127
S7,O1132
S7,O1134
S7,O1135
S7,O1139
S7,O1159
S7,O1160
S7,O1163
S7,O1164
S7,O1178
S7,O1182
S7,O1189
S7,O1190
S7,O1192
S7,O1193
S7,O12
S7,O1205
S7,O121
S7,O1214
S7,O1221
S7,O1224
S7,O1225
S7,O1228
S7,O1229
S7,O1240
S7,O1242
S7,O1247
S7,O1258
S7,O1261
S7,O127
S7,O1278
S7,O1281
S7,O1283
S7,O1284
S7,O1285
S7,O1294
S7,O13
S7,O130
S7,O1303
S7,O1308
S7,O131
S7,O1313
S7,O1315
S7,O1318
S7,O1323
S7,O1326
S7,O1327
S7,O1334
S7,O1336
S7,O1342
S7,O1345
S7,O1349
S7,O1364
S7,O1370
S7,O1371
S7,O138
S7,O1385
S7,O1386
S7,O1388
S7,O1389
S7,O139
S7,O1392
S7,O1393
S7,O1396
S7,O1397
S7,O1398
S7,O14
S7,O1407
S7,O1410
S7,O1413
S7,O1422
S7,O1423
S7,O1426
S7,O1429
S7,O143
S7,O1430
S7,O144
S7,O1441
S7,O1462
S7,O1479
S7,O1480
S7,O1483
S7,O1484
S7,O1487
S7,O1492
S7,O1499
S7,O15
S7,O1500
S7,O152
S7,O1521
S7,O1523
S7,O1524
S7,O1527
S7,O1533
S7,O1541
S7,O1546
S7,O155
S7,O1563
S7,O1564
S7,O1569
S7,O1571
S7,O1574
S7,O158
S7,O1583
S7,O1585
S7,O1590
S7,O1594
S7,O1597
S7,O16
S7,O1600
S7,O1618
S7,O1619
S7,O1627
S7,O1631
S7,O1641
S7,O1642
S7,O1643
S7,O1650
S7,O1652
S7,O1654
S7,O1655
S7,O1663
S7,O1678
S7,O1679
S7,O168
S7,O1680
S7,O1685
S7,O169
S7,O1691
S7,O1694
S7,O1698
S7,O17
S7,O170
S7,O1701
S7,O1703
S7,O1705
S7,O1714
S7,O1715
S7,O1721
S7,O1726
S7,O173
S7,O1732
S7,O1737
S7,O1742
S7,O1750
S7,O1752
S7,O1753
S7,O1754
S7,O176
S7,O1765
S7,O1770
S7,O1771
S7,O1772
S7,O1777
S7,O1779
S7,O1781
S7,O1782
S7,O1784
S7,O1786
S7,O1792
S7,O18
S7,O1800
S7,O1805
S7,O1811
S7,O1819
S7,O186
S7,O19
S7,O199
S7,O2
S7,O20
S7,O202
S7,O205
S7,O207
S7,O21
S7,O212
S7,O215
S7,O219
S7,O22
S7,O222
S7,O225
S7,O227
S7,O23
S7,O232
S7,O237
S7,O238
S7,O239
S7,O24
S7,O243
S7,O244
S7,O246
S7,O25
S7,O251
S7,O256
S7,O26
S7,O264
S7,O265
S7,O27
S7,O270
S7,O271
S7,O278
S7,O28
S7,O285
S7,O287
S7,O29
S7,O297
S7,O3
S7,O30
S7,O301
S7,O303
S7,O304
S7,O305
S7,O307
S7,O31
S7,O314
S7,O317
S7,O32
S7,O320
S7,O323
S7,O325
S7,O326
S7,O328
S7,O33
S7,O336
S7,O337
S7,O34
S7,O349
S7,O35
S7,O354
S7,O356
S7,O36
S7,O365
S7,O37
S7,O371
S7,O372
S7,O374
S7,O378
S7,O38
S7,O387
S7,O39
S7,O392
S7,O396
S7,O397
S7,O399
S7,O4
S7,O402
S7,O403
S7,O409
S7,O418
S7,O42
S7,O422
S7,O427
S7,O43
S7,O433
S7,O436
S7,O438
S7,O440
S7,O448
S7,O451
S7,O461
S7,O469
S7,O470
S7,O472
S7,O478
S7,O484
S7,O488
S7,O496
S7,O498
S7,O5
S7,O500
S7,O503
S7,O504
S7,O510
S7,O513
S7,O525
S7,O533
S7,O54
S7,O543
S7,O55
S7,O556
S7,O568
S7,O571
S7,O574
S7,O580
S7,O585
S7,O586
S7,O588
S7,O592
S7,O596
S7,O597
S7,O6
S7,O614
S7,O616
S7,O62
S7,O636
S7,O643
S7,O646
S7,O658
S7,O659
S7,O663
S7,O667
S7,O668
S7,O670
S7,O671
S7,O674
S7,O678
S7,O684
S7,O686
S7,O687
S7,O688
S7,O690
S7,O691
S7,O697
S7,O699
S7,O7
S7,O700
S7,O711
S7,O715
S7,O717
S7,O719
S7,O720
S7,O722
S7,O726
S7,O731
S7,O736
S7,O738
S7,O740
S7,O743
S7,O755
S7,O756
S7,O768
S7,O769
S7,O77
S7,O770
S7,O772
S7,O776
S7,O778
S7,O78
S7,O783
S7,O788
S7,O793
S7,O799
S7,O8
S7,O809
S7,O811
S7,O815
S7,O824
S7,O838
S7,O840
S7,O843
S7,O846
S7,O861
S7,O865
S7,O866
S7,O867
S7,O868
S7,O869
S7,O886
S7,O889
S7,O895
S7,O897
S7,O899
S7,O9
S7,O908
S7,O909
S7,O91
S7,O919
S7,O92
S7,O921
S7,O924
S7,O929
S7,O93
S7,O940
S7,O941
S7,O948
S7,O95
S7,O950
S7,O951
S7,O953
S7,O961
S7,O966
S7,O968
S7,O972
S7,O973
S7,O979
S7,O984
S7,O989
S7,O992
S7,O995
S7,O998
S8,O0
S8,O1
S8,O10
S8,O1010
S8,O1019
S8,O1026
S8,O1040
S8,O1041
S8,O1050
S8,O1088
S8,O11
S8,O1103
S8,O1108
S8,O1109
S8,O1134
S8,O1158
S8,O118
S8,O1182
S8,O1187
S8,O1190
S8,O1192
S8,O12
S8,O1201
S8,O1207
S8,O1214
S8,O1222
S8,O1246
S8,O1248
S8,O1250
S8,O1260
S8,O1263
S8,O1275
S8,O1282
S8,O1283
S8,O1285
S8,O1287
S8,O13
S8,O1310
S8,O1321
S8,O1354
S8,O1380
S8,O14
S8,O1425
S8,O1432
S8,O1448
S8,O1456
S8,O1459
S8,O1495
S8,O15
S8,O1501
S8,O1503
S8,O1507
S8,O1508
S8,O1509
S8,O1527
S8,O1534
S8,O1544
S8,O1547
S8,O1549
S8,O1563
S8,O1565
S8,O1574
S8,O1575
S8,O1585
S8,O1590
S8,O16
S8,O160
S8,O1603
S8,O1634
S8,O1660
S8,O1661
S8,O1662
S8,O1664
S8,O167
S8,O1678
S8,O1679
S8,O1680
S8,O1683
S8,O1692
S8,O1693
S8,O1696
S8,O17
S8,O1701
S8,O1702
S8,O1705
S8,O1709
S8,O1716
S8,O1717
S8,O1718
S8,O1722
S8,O174
S8,O1759
S8,O1769
S8,O1771
S8,O1772
S8,O178
S8,O1783
S8,O1790
S8,O1793
S8,O1795
S8,O1798
S8,O18
S8,O1808
S8,O1810
S8,O1821
S8,O19
S8,O2
S8,O20
S8,O200
S8,O208
S8,O21
S8,O22
S8,O223
S8,O225
S8,O23
S8,O230
S8,O235
S8,O236
S8,O24
S8,O244
S8,O25
S8,O26
S8,O267
S8,O27
S8,O270
S8,O28
S8,O283
S8,O29
S8,O293
S8,O297
S8,O3
S8,O30
S8,O306
S8,O309
S8,O31
S8,O310
S8,O32
S8,O323
S8,O327
S8,O329
S8,O33
S8,O34
S8,O35
S8,O356
S8,O357
S8,O358
S8,O36
S8,O360
S8,O367
S8,O37
S8,O373
S8,O38
S8,O385
S8,O386
S8,O39
S8,O4
S8,O402
S8,O404
S8,O405
S8,O426
S8,O432
S8,O448
S8,O454
S8,O456
S8,O479
S8,O496
S8,O498
S8,O5
S8,O52
S8,O536
S8,O54
S8,O541
S8,O548
S8,O557
S8,O563
S8,O581
S8,O584
S8,O596
S8,O6
S8,O604
S8,O605
S8,O615
S8,O620
S8,O627
S8,O63
S8,O641
S8,O648
S8,O649
S8,O651
S8,O655
S8,O658
S8,O678
S8,O7
S8,O70
S8,O704
S8,O712
S8,O714
S8,O715
S8,O717
S8,O719
S8,O727
S8,O728
S8,O730
S8,O731
S8,O735
S8,O743
S8,O746
S8,O754
S8,O761
S8,O767
S8,O776
S8,O8
S8,O810
S8,O811
S8,O814
S8,O825
S8,O837
S8,O850
S8,O851
S8,O868
S8,O88
S8,O888
S8,O896
S8,O9
S8,O900
S8,O902
S8,O915
S8,O927
S8,O931
S8,O94
S8,O947
S8,O949
S8,O950
S8,O952
S8,O96
S8,O967
S8,O970
S8,O973
S8,O978
S8,O99
S8,O998
S9,O0
S9,O1
S9,O10
S9,O101
S9,O1048
S9,O106
S9,O1090
S9,O1092
S9,O11
S9,O1102
S9,O1106
S9,O1141
S9,O1156
S9,O1159
S9,O1162
S9,O118
S9,O1195
S9,O12
S9,O1203
S9,O1207
S9,O1213
S9,O1215
S9,O1217
S9,O1229
S9,O123
S9,O1260
S9,O1262
S9,O1264
S9,O129
S9,O13
S9,O1310
S9,O1330
S9,O1354
S9,O1366
S9,O137
S9,O1373
S9,O1382
S9,O14
S9,O1409
S9,O1413
S9,O1427
S9,O1453
S9,O15
S9,O1521
S9,O1543
S9,O1556
S9,O16
S9,O1609
S9,O1630
S9,O1659
S9,O1661
S9,O1673
S9,O1694
S9,O17
S9,O1702
S9,O1704
S9,O1711
S9,O1715
S9,O1720
S9,O1721
S9,O1732
S9,O1736
S9,O1754
S9,O1755
S9,O1764
S9,O1772
S9,O178
S9,O18
S9,O1813
S9,O185
S9,O19
S9,O2
S9,O20
S9,O21
S9,O219
S9,O22
S9,O226
S9,O23
S9,O24
S9,O245
S9,O25
S9,O26
S9,O260
S9,O27
S9,O28
S9,O29
S9,O3
S9,O30
S9,O300
S9,O31
S9,O32
S9,O33
S9,O34
S9,O345
S9,O347
S9,O35
S9,O36
S9,O37
S9,O38
S9,O39
S9,O390
S9,O398
S9,O399
S9,O4
S9,O41
S9,O449
S9,O451
S9,O48
S9,O490
S9,O5
S9,O503
S9,O518
S9,O543
S9,O57
S9,O6
S9,O613
S9,O619
S9,O635
S9,O64
S9,O641
S9,O655
S9,O662
S9,O674
S9,O68
S9,O69
S9,O692
S9,O7
S9,O713
S9,O724
S9,O732
S9,O748
S9,O761
S9,O765
S9,O769
S9,O8
S9,O803
S9,O818
S9,O825
S9,O845
S9,O847
S9,O860
S9,O870
S9,O885
S9,O890
S9,O9
S9,O900
S9,O921
S9,O924
S9,O93
S9,O970
S9,O992
S10,O0
S10,O1
S10,O10
S10,O1035
S10,O1090
S10,O1094
S10,O11
S10,O1121
S10,O1146
S10,O1159
S10,O12
S10,O1210
S10,O1246
S10,O1295
S10,O13
S10,O1307
S10,O1308
S10,O131
S10,O1345
S10,O14
S10,O1406
S10,O15
S10,O1504
S10,O1532
S10,O1578
S10,O16
S10,O1607
S10,O162
S10,O1625
S10,O1636
S10,O1655
S10,O1656
S10,O17
S10,O18
S10,O1804
S10,O2
S10,O20
S10,O200
S10,O21
S10,O22
S10,O23
S10,O24
S10,O25
S10,O26
S10,O267
S10,O27
S10,O273
S10,O28
S10,O29
S10,O3
S10,O30
S10,O308
S10,O31
S10,O32
S10,O322
S10,O33
S10,O34
S10,O35
S10,O353
S10,O36
S10,O37
S10,O378
S10,O38
S10,O39
S10,O4
S10,O408
S10,O435
S10,O482
S10,O499
S10,O5
S10,O550
S10,O565
S10,O585
S10,O593
S10,O6
S10,O661
S10,O67
S10,O693
S10,O7
S10,O790
S10,O8
S10,O858
S10,O892
S10,O893
S10,O9
S10,O950
S10,O97
S11,O0
S11,O10
S11,O1035
S11,O1064
S11,O1086
S11,O11
S11,O1134
S11,O1172
S11,O12
S11,O129
S11,O1410
S11,O1420
S11,O1442
S11,O1492
S11,O1538
S11,O1548
S11,O1553
S11,O1594
S11,O16
S11,O1673
S11,O1674
S11,O1687
S11,O17
S11,O1774
S11,O18
S11,O21
S11,O215
S11,O22
S11,O23
S11,O24
S11,O254
S11,O26
S11,O264
S11,O28
S11,O289
S11,O3
S11,O30
S11,O31
S11,O33
S11,O34
S11,O341
S11,O36
S11,O37
S11,O38
S11,O39
S11,O396
S11,O407
S11,O451
S11,O5
S11,O560
S11,O6
S11,O628
S11,O643
S11,O655
S11,O7
S11,O762
S11,O8
S11,O9
S11,O904
S11,O928
S12,O10
S12,O1027
S12,O1031
S12,O1077
S12,O11
S12,O12
S12,O1255
S12,O1288
S12,O133
S12,O14
S12,O1453
S12,O15
S12,O1608
S12,O1612
S12,O1678
S12,O168
S12,O1722
S12,O175
S12,O18
S12,O20
S12,O22
S12,O25
S12,O27
S12,O29
S12,O3
S12,O30
S12,O305
S12,O328
S12,O34
S12,O35
S12,O38
S12,O4
S12,O403
S12,O620
S12,O678
S12,O693
S12,O8
S12,O861
S12,O881
S12,O983
S12,O989
S13,O1
S13,O1112
S13,O1136
S13,O12
S13,O1279
S13,O1374
S13,O1378
S13,O14
S13,O1628
S13,O18
S13,O23
S13,O25
S13,O261
S13,O27
S13,O278
S13,O31
S13,O32
S13,O337
S13,O35
S13,O373
S13,O4
S13,O505
S13,O542
S13,O6
S13,O646
S13,O7
S13,O793
S13,O884
S14,O1091
S14,O11
S14,O1190
S14,O1281
S14,O1439
S14,O15
S14,O1544
S14,O1547
S14,O1565
S14,O21
S14,O22
S14,O24
S14,O249
S14,O250
S14,O252
S14,O27
S14,O31
S14,O32
S14,O33
S14,O346
S14,O35
S14,O37
S14,O547
S14,O684
S14,O725
S14,O84
S14,O9
S15,O1089
S15,O1244
S15,O13
S15,O1475
S15,O1495
S15,O1520
S15,O1565
S15,O1643
S15,O1685
S15,O175
S15,O18
S15,O2
S15,O21
S15,O25
S15,O30
S15,O31
S15,O33
S15,O490
S15,O5
S15,O573
S15,O736
S15,O8
S16,O1346
S16,O1536
S16,O1540
S16,O16
S16,O17
S16,O1710
S16,O2
S16,O21
S16,O28
S16,O39
S16,O536
S16,O6
S16,O698
S16,O743
S16,O76
S16,O762
S16,O8
S16,O948
S17,O1
S17,O1142
S17,O12
S17,O1229
S17,O1327
S17,O1665
S17,O22
S17,O23
S17,O24
S17,O671
S17,O846
S17,O860
S18,O1
S18,O1750
S18,O20
S18,O229
S18,O296
S18,O333
S18,O34
S18,O38
S18,O7
S18,O89
S18,O928
S19,O1197
S19,O12
S19,O1381
S19,O1583
S19,O18
S19,O209
S19,O3
S19,O35
S19,O536
S19,O780
S20,O1327
S20,O1337
S20,O1359
S20,O14
S20,O1465
S20,O20
S20,O27
S21,O1
S21,O1335
S21,O18
S21,O4
S21,O603
S21,O821
S21,O983
S22,O10
S22,O13
S22,O1812
S22,O28
S22,O363
S22,O62
S23,O0
S23,O10
S23,O1211
S23,O141
S23,O1432
S24,O1407
S24,O151
S24,O1612
S24,O23
S24,O5
S25,O1198
S25,O14
S25,O31
S25,O562
S25,O679
S26,O1380
S26,O23
S26,O34
S26,O682
S27,O1075
S27,O1735
S27,O31
S27,O39
S28,O15
S28,O1557
S28,O3
S28,O306
S29,O13
S29,O241
S29,O515
S30,O125
S30,O256
S30,O8
S31,O1186
S31,O227
S31,O38
S32,O1755
S32,O37
S33,O39
S33,O928
S34,O968
S35,O1372
S36,O961
